state,year_month,predicted_landings,lower_80,upper_80,lower_95,upper_95
Johor,2024-01-01,2682,2399,3003,2215,3400
Johor,2024-02-01,2746,2453,3075,2243,3462
Johor,2024-03-01,3384,3101,3709,2917,3918
Johor,2024-04-01,3812,3528,4116,3336,4345
Johor,2024-05-01,4184,3892,4514,3717,4718
Johor,2024-06-01,4427,4143,4731,3923,4924
Johor,2024-07-01,4477,4174,4781,4000,5010
Johor,2024-08-01,4769,4466,5094,4264,5303
Johor,2024-09-01,4943,4683,5253,4467,5476
Johor,2024-10-01,5378,5094,5682,4910,5875
Johor,2024-11-01,4339,4047,4651,3863,4836
Johor,2024-12-01,3361,3059,3666,2894,3858
Johor,2025-01-01,3221,2961,3546,2755,3759
Johor,2025-02-01,3087,2758,3398,2584,3621
Johor,2025-03-01,3782,3455,4080,3306,4498
Johor,2025-04-01,4200,3935,4529,3697,4916
Johor,2025-05-01,4450,4158,4772,3947,4983
Johor,2025-06-01,4567,4284,4889,4064,5285
Johor,2025-07-01,4475,4148,4779,3874,4972
Johor,2025-08-01,4764,4480,5085,4260,5297
Johor,2025-09-01,4887,4595,5198,4383,5420
Johor,2025-10-01,5511,5249,5822,5044,6009
Johor,2025-11-01,4327,4034,4631,3851,4824
Johor,2025-12-01,3422,3130,3661,2946,3917
Johor,2026-01-01,3278,2975,3577,2802,3811
Johor,2026-02-01,3224,2940,3549,2748,3940
Johor,2026-03-01,3989,3697,4314,3485,4705
Johor,2026-04-01,4460,4209,4764,3984,4993
Johor,2026-05-01,4466,4174,4777,3963,4999
Johor,2026-06-01,4567,4275,4889,4091,5105
Johor,2026-07-01,4475,4210,4796,3999,4972
Johor,2026-08-01,4764,4461,4998,4287,5297
Johor,2026-09-01,4928,4678,5238,4482,5425
Johor,2026-10-01,5378,5093,5699,4910,5916
Johor,2026-11-01,4327,4024,4625,3821,4825
Johor,2026-12-01,3422,3162,3733,2918,4138
Johor,2027-01-01,3298,3015,3603,2795,3836
Johor,2027-02-01,3293,3010,3597,2817,3790
Johor,2027-03-01,4155,3852,4485,3679,4873
Johor,2027-04-01,4752,4468,5064,4277,5469
Johor,2027-05-01,4792,4465,5113,4316,5290
Johor,2027-06-01,4878,4594,5199,4410,5411
Johor,2027-07-01,4838,4535,5142,4335,5335
Johor,2027-08-01,5133,4850,5462,4666,5850
Johor,2027-09-01,4919,4636,5230,4416,5453
Johor,2027-10-01,5511,5249,5833,5044,6228
Johor,2027-11-01,4327,4043,4648,3859,4860
Johor,2027-12-01,3422,3119,3726,2946,4138
Johor,2028-01-01,3298,3015,3533,2823,3793
Johor,2028-02-01,3314,3029,3635,2846,4030
Johor,2028-03-01,4179,3895,4504,3703,4895
Johor,2028-04-01,4759,4467,5084,4292,5256
Johor,2028-05-01,4793,4531,5098,4290,5291
Johor,2028-06-01,4869,4586,5195,4393,5586
Johor,2028-07-01,4829,4537,5133,4354,5324
Johor,2028-08-01,5059,4775,5380,4583,5556
Johor,2028-09-01,4919,4628,5244,4443,5457
Johor,2028-10-01,5378,5094,5699,4874,5911
Johor,2028-11-01,4327,4000,4631,3824,4860
Johor,2028-12-01,3422,3130,3743,2918,3955
Johor,2029-01-01,3298,3049,3620,2833,3795
Johor,2029-02-01,3311,3048,3641,2845,4027
Johor,2029-03-01,4176,3893,4487,3709,4710
Johor,2029-04-01,4754,4462,5079,4286,5470
Johor,2029-05-01,4793,4531,5092,4326,5327
Johor,2029-06-01,4869,4577,5194,4394,5586
Johor,2029-07-01,4829,4566,5150,4362,5363
Johor,2029-08-01,5059,4809,5393,4583,5775
Johor,2029-09-01,4919,4657,5231,4454,5636
Johor,2029-10-01,5511,5252,5847,5044,6291
Johor,2029-11-01,4327,4035,4652,3851,4860
Johor,2029-12-01,3422,3119,3732,2918,3955
Johor,2030-01-01,3298,3033,3620,2795,3795
Johor,2030-02-01,3311,3008,3632,2808,3844
Johor,2030-03-01,4176,3885,4481,3700,4671
Johor,2030-04-01,4759,4456,5093,4283,5475
Johor,2030-05-01,4793,4510,5118,4318,5573
Johor,2030-06-01,4869,4577,5194,4402,5649
Johor,2030-07-01,4829,4546,5128,4354,5363
Johor,2030-08-01,5059,4776,5357,4583,5597
Johor,2030-09-01,4919,4592,5230,4416,5416
Johor,2030-10-01,5378,5050,5699,4874,6095
Johor,2030-11-01,4327,4043,4652,3850,4860
Johor,2030-12-01,3422,3138,3732,2946,3955
Kedah,2024-01-01,9843,9515,10164,9366,10376
Kedah,2024-02-01,9701,9399,10000,9226,10418
Kedah,2024-03-01,10223,9931,10548,9747,10756
Kedah,2024-04-01,10223,9939,10462,9747,10939
Kedah,2024-05-01,10278,10013,10603,9810,10994
Kedah,2024-06-01,10250,9985,10571,9782,10966
Kedah,2024-07-01,10411,10108,10732,9908,10945
Kedah,2024-08-01,10386,10135,10711,9910,11165
Kedah,2024-09-01,10550,10258,10848,10047,11047
Kedah,2024-10-01,11257,10973,11578,10781,11790
Kedah,2024-11-01,11043,10760,11348,10540,11577
Kedah,2024-12-01,10875,10582,11204,10399,11591
Kedah,2025-01-01,10319,10056,10629,9873,10817
Kedah,2025-02-01,9069,8786,9390,8594,9786
Kedah,2025-03-01,9596,9304,9900,9120,10129
Kedah,2025-04-01,9658,9366,9962,9155,10374
Kedah,2025-05-01,9264,8972,9568,8796,9797
Kedah,2025-06-01,9521,9237,9825,9053,10059
Kedah,2025-07-01,9413,9120,9742,8937,10130
Kedah,2025-08-01,9754,9470,10079,9287,10470
Kedah,2025-09-01,10102,9800,10424,9599,10636
Kedah,2025-10-01,10430,10171,10755,9963,11147
Kedah,2025-11-01,9766,9481,10091,9290,10299
Kedah,2025-12-01,9673,9389,9977,9196,10211
Kedah,2026-01-01,8906,8646,9210,8438,9439
Kedah,2026-02-01,8595,8268,8905,8092,9129
Kedah,2026-03-01,8339,8076,8664,7863,8837
Kedah,2026-04-01,8728,8425,9032,8252,9223
Kedah,2026-05-01,8387,8103,8712,7911,9103
Kedah,2026-06-01,8452,8149,8750,7976,8985
Kedah,2026-07-01,8361,8069,8671,7885,8858
Kedah,2026-08-01,8646,8362,8956,8170,9143
Kedah,2026-09-01,8911,8627,9221,8435,9444
Kedah,2026-10-01,9808,9516,10130,9332,10524
Kedah,2026-11-01,8511,8227,8821,8035,9044
Kedah,2026-12-01,7794,7531,8104,7327,8291
Kedah,2027-01-01,8059,7774,8369,7555,8592
Kedah,2027-02-01,7863,7516,8184,7387,8396
Kedah,2027-03-01,8434,8150,8755,7958,8967
Kedah,2027-04-01,8668,8363,8993,8165,9384
Kedah,2027-05-01,8340,8089,8661,7874,8873
Kedah,2027-06-01,8350,8058,8660,7847,8848
Kedah,2027-07-01,8320,7993,8645,7817,8853
Kedah,2027-08-01,8529,8266,8850,8026,9062
Kedah,2027-09-01,8654,8327,8975,8053,9370
Kedah,2027-10-01,8574,8311,8899,8098,9353
Kedah,2027-11-01,7782,7476,8081,7181,8277
Kedah,2027-12-01,7710,7447,8031,7207,8248
Kedah,2028-01-01,7209,6946,7538,6733,7925
Kedah,2028-02-01,6911,6627,7240,6444,7627
Kedah,2028-03-01,10059,9826,10384,9592,10557
Kedah,2028-04-01,9933,9674,10268,9466,10712
Kedah,2028-05-01,9359,9099,9680,8883,10075
Kedah,2028-06-01,9233,8905,9554,8730,9766
Kedah,2028-07-01,8970,8667,9280,8494,9467
Kedah,2028-08-01,9543,9259,9847,9067,10040
Kedah,2028-09-01,9451,9159,9761,8975,9984
Kedah,2028-10-01,9499,9196,9803,9023,10215
Kedah,2028-11-01,8120,7835,8430,7616,8653
Kedah,2028-12-01,7545,7262,7843,7078,8079
Kedah,2029-01-01,7035,6742,7345,6559,7568
Kedah,2029-02-01,6501,6217,6735,6024,6998
Kedah,2029-03-01,9354,9051,9679,8886,10070
Kedah,2029-04-01,9528,9244,9826,9052,10066
Kedah,2029-05-01,9193,8909,9518,8717,9726
Kedah,2029-06-01,9397,9094,9707,8894,9930
Kedah,2029-07-01,9321,9018,9631,8845,9854
Kedah,2029-08-01,9557,9292,9886,9054,10336
Kedah,2029-09-01,9523,9232,9822,9047,10057
Kedah,2029-10-01,9510,9245,9821,9035,10227
Kedah,2029-11-01,8425,8141,8735,7922,9141
Kedah,2029-12-01,7730,7424,8051,7226,8227
Kedah,2030-01-01,6943,6680,7253,6467,7659
Kedah,2030-02-01,6478,6194,6788,6002,7011
Kedah,2030-03-01,9054,8751,9364,8587,9770
Kedah,2030-04-01,9701,9438,10005,9235,10234
Kedah,2030-05-01,9096,8837,9406,8629,9634
Kedah,2030-06-01,9467,9183,9788,8991,10000
Kedah,2030-07-01,9346,9054,9667,8869,9884
Kedah,2030-08-01,9520,9236,9854,9052,10053
Kedah,2030-09-01,9498,9233,9808,8994,10031
Kedah,2030-10-01,9485,9225,9806,9039,10018
Kedah,2030-11-01,8540,8256,8861,8072,9256
Kedah,2030-12-01,7485,7193,7724,7017,7982
Kelantan,2024-01-01,2036,1708,2346,1435,2752
Kelantan,2024-02-01,2657,2394,2986,2190,3373
Kelantan,2024-03-01,3488,3228,3809,3012,4021
Kelantan,2024-04-01,5191,4888,5489,4723,5686
Kelantan,2024-05-01,5442,5112,5746,4938,6158
Kelantan,2024-06-01,5765,5462,6069,5164,6298
Kelantan,2024-07-01,5739,5447,6060,5264,6273
Kelantan,2024-08-01,5543,5196,5877,5040,6077
Kelantan,2024-09-01,5804,5520,6129,5301,6337
Kelantan,2024-10-01,5510,5227,5821,5044,6227
Kelantan,2024-11-01,4366,4038,4687,3862,5082
Kelantan,2024-12-01,3381,3097,3706,2905,4097
Kelantan,2025-01-01,2697,2394,3007,2221,3230
Kelantan,2025-02-01,2746,2463,3067,2279,3280
Kelantan,2025-03-01,3585,3283,3910,3082,4119
Kelantan,2025-04-01,4068,3765,4401,3564,4784
Kelantan,2025-05-01,4649,4384,4974,4182,5365
Kelantan,2025-06-01,5085,4783,5396,4582,5582
Kelantan,2025-07-01,5095,4804,5340,4592,5629
Kelantan,2025-08-01,5423,5094,5745,4823,5920
Kelantan,2025-09-01,5373,5110,5699,4906,6089
Kelantan,2025-10-01,5524,5233,5849,5048,6058
Kelantan,2025-11-01,4327,3997,4652,3850,4824
Kelantan,2025-12-01,3422,3094,3732,2918,3919
Kelantan,2026-01-01,3221,2929,3542,2718,3754
Kelantan,2026-02-01,3087,2758,3392,2487,3804
Kelantan,2026-03-01,3935,3644,4260,3432,4473
Kelantan,2026-04-01,4413,4110,4718,3938,5130
Kelantan,2026-05-01,4466,4182,4771,3990,4964
Kelantan,2026-06-01,4495,4245,4816,4027,5028
Kelantan,2026-07-01,4402,4111,4713,3935,4936
Kelantan,2026-08-01,5009,4759,5338,4541,5542
Kelantan,2026-09-01,5360,5057,5685,4884,6139
Kelantan,2026-10-01,5524,5233,5829,5021,6241
Kelantan,2026-11-01,4327,4035,4631,3851,4824
Kelantan,2026-12-01,3422,3162,3747,2918,3955
Kelantan,2027-01-01,3278,2994,3603,2802,3811
Kelantan,2027-02-01,3224,2931,3549,2623,3757
Kelantan,2027-03-01,3980,3677,4302,3477,4514
Kelantan,2027-04-01,4470,4185,4791,3994,5186
Kelantan,2027-05-01,4466,4174,4764,3963,5182
Kelantan,2027-06-01,4567,4238,4872,3967,5101
Kelantan,2027-07-01,4475,4183,4796,3999,5193
Kelantan,2027-08-01,4690,4387,4994,4214,5223
Kelantan,2027-09-01,5211,4908,5532,4708,5927
Kelantan,2027-10-01,5491,5231,5816,5015,6024
Kelantan,2027-11-01,4327,4024,4638,3824,5043
Kelantan,2027-12-01,3422,3130,3743,2954,3919
Kelantan,2028-01-01,3298,3007,3597,2793,3832
Kelantan,2028-02-01,3293,3010,3614,2826,4009
Kelantan,2028-03-01,4155,3852,4453,3652,4652
Kelantan,2028-04-01,4752,4425,4991,4247,5247
Kelantan,2028-05-01,4792,4463,5114,4289,5508
Kelantan,2028-06-01,4878,4575,5182,4375,5411
Kelantan,2028-07-01,4838,4546,5142,4370,5376
Kelantan,2028-08-01,5139,4847,5437,4693,5637
Kelantan,2028-09-01,4876,4573,5180,4408,5414
Kelantan,2028-10-01,5378,5086,5703,4902,6095
Kelantan,2028-11-01,4327,4024,4637,3726,5043
Kelantan,2028-12-01,3422,3094,3732,2946,4138
Kelantan,2029-01-01,3298,3049,3620,2823,3832
Kelantan,2029-02-01,3314,3029,3639,2846,3847
Kelantan,2029-03-01,4179,3876,4489,3676,4895
Kelantan,2029-04-01,4759,4467,5084,4256,5475
Kelantan,2029-05-01,4793,4491,5104,4318,5331
Kelantan,2029-06-01,4869,4577,5168,4394,5403
Kelantan,2029-07-01,4829,4526,5154,4353,5546
Kelantan,2029-08-01,5059,4767,5371,4583,5557
Kelantan,2029-09-01,4960,4710,5259,4494,5434
Kelantan,2029-10-01,5511,5220,5823,5008,6045
Kelantan,2029-11-01,4327,4024,4638,3824,4865
Kelantan,2029-12-01,3422,3138,3732,2946,4138
Kelantan,2030-01-01,3298,2996,3628,2823,4016
Kelantan,2030-02-01,3311,2984,3621,2710,3844
Kelantan,2030-03-01,4176,3914,4506,3709,4714
Kelantan,2030-04-01,4754,4462,5075,4250,5287
Kelantan,2030-05-01,4793,4510,5104,4290,5327
Kelantan,2030-06-01,4869,4540,5180,4394,5403
Kelantan,2030-07-01,4829,4570,5158,4354,5546
Kelantan,2030-08-01,5059,4794,5363,4583,5593
Kelantan,2030-09-01,4919,4614,5218,4416,5453
Kelantan,2030-10-01,5378,5075,5711,4874,6094
Kelantan,2030-11-01,4327,4024,4652,3851,5043
Kelantan,2030-12-01,3422,3159,3743,2946,4139
Melaka,2024-01-01,239,-53,549,-238,736
Melaka,2024-02-01,343,41,673,-162,1060
Melaka,2024-03-01,580,320,878,104,1078
Melaka,2024-04-01,352,89,677,-116,885
Melaka,2024-05-01,374,90,685,-102,872
Melaka,2024-06-01,343,59,647,-125,840
Melaka,2024-07-01,376,84,686,-128,871
Melaka,2024-08-01,514,223,819,11,1048
Melaka,2024-09-01,401,109,722,-67,1180
Melaka,2024-10-01,542,214,846,66,1075
Melaka,2024-11-01,386,123,719,-90,1102
Melaka,2024-12-01,239,-11,549,-237,955
Melaka,2025-01-01,592,264,902,86,1125
Melaka,2025-02-01,549,257,859,73,1087
Melaka,2025-03-01,778,473,1099,275,1275
Melaka,2025-04-01,549,246,859,73,1265
Melaka,2025-05-01,572,245,870,69,1105
Melaka,2025-06-01,540,256,862,37,1037
Melaka,2025-07-01,573,270,877,70,1107
Melaka,2025-08-01,771,508,1092,296,1305
Melaka,2025-09-01,586,336,911,118,1119
Melaka,2025-10-01,740,480,1065,236,1456
Melaka,2025-11-01,571,243,881,65,1108
Melaka,2025-12-01,424,161,749,-52,1142
Melaka,2026-01-01,592,264,896,88,1086
Melaka,2026-02-01,549,246,874,46,1082
Melaka,2026-03-01,778,494,1083,275,1275
Melaka,2026-04-01,549,257,859,46,1047
Melaka,2026-05-01,572,287,876,69,1105
Melaka,2026-06-01,540,257,865,65,1257
Melaka,2026-07-01,573,281,894,70,1070
Melaka,2026-08-01,771,506,1082,268,1305
Melaka,2026-09-01,586,302,896,82,1119
Melaka,2026-10-01,740,448,1061,236,1456
Melaka,2026-11-01,571,311,892,67,1067
Melaka,2026-12-01,424,161,728,-52,957
Melaka,2027-01-01,592,300,831,88,1086
Melaka,2027-02-01,549,265,860,73,1082
Melaka,2027-03-01,778,475,1076,275,1275
Melaka,2027-04-01,549,246,859,73,1265
Melaka,2027-05-01,572,245,882,69,1069
Melaka,2027-06-01,540,249,862,37,1257
Melaka,2027-07-01,573,310,902,70,1290
Melaka,2027-08-01,771,508,1105,305,1551
Melaka,2027-09-01,586,323,911,110,1302
Melaka,2027-10-01,740,412,1061,236,1456
Melaka,2027-11-01,571,268,875,67,1108
Melaka,2027-12-01,424,140,745,-52,957
Melaka,2028-01-01,592,289,913,88,1308
Melaka,2028-02-01,549,286,870,73,1047
Melaka,2028-03-01,778,495,1088,302,1494
Melaka,2028-04-01,549,289,853,73,1046
Melaka,2028-05-01,572,288,876,96,1070
Melaka,2028-06-01,540,238,845,37,1074
Melaka,2028-07-01,573,289,898,98,1107
Melaka,2028-08-01,771,468,1092,266,1305
Melaka,2028-09-01,586,336,830,82,1082
Melaka,2028-10-01,740,448,1038,236,1456
Melaka,2028-11-01,571,279,892,67,1287
Melaka,2028-12-01,424,132,734,-44,962
Melaka,2029-01-01,592,332,913,124,1130
Melaka,2029-02-01,549,246,788,73,1046
Melaka,2029-03-01,778,519,1077,312,1494
Melaka,2029-04-01,549,257,861,-52,1083
Melaka,2029-05-01,572,287,897,96,1070
Melaka,2029-06-01,540,249,865,64,1257
Melaka,2029-07-01,573,310,885,98,1111
Melaka,2029-08-01,771,506,1075,295,1266
Melaka,2029-09-01,586,323,911,110,1119
Melaka,2029-10-01,740,456,1061,236,1273
Melaka,2029-11-01,571,268,904,95,1104
Melaka,2029-12-01,424,119,745,-79,921
Melaka,2030-01-01,592,264,921,88,1308
Melaka,2030-02-01,549,246,853,73,1087
Melaka,2030-03-01,778,528,1099,302,1494
Melaka,2030-04-01,549,256,861,-52,1083
Melaka,2030-05-01,572,245,893,-29,1069
Melaka,2030-06-01,540,238,851,37,1257
Melaka,2030-07-01,573,290,877,106,1107
Melaka,2030-08-01,771,479,1070,268,1269
Melaka,2030-09-01,586,283,896,118,1082
Melaka,2030-10-01,740,480,1038,263,1273
Melaka,2030-11-01,571,311,892,103,1068
Melaka,2030-12-01,424,132,745,-79,957
Negeri Sembilan,2024-01-01,174,-131,495,-329,672
Negeri Sembilan,2024-02-01,127,-200,461,-376,843
Negeri Sembilan,2024-03-01,360,68,681,-116,894
Negeri Sembilan,2024-04-01,331,4,652,-145,864
Negeri Sembilan,2024-05-01,354,91,658,-114,850
Negeri Sembilan,2024-06-01,322,19,647,-181,856
Negeri Sembilan,2024-07-01,355,71,659,-148,1071
Negeri Sembilan,2024-08-01,494,234,819,-10,1027
Negeri Sembilan,2024-09-01,380,77,690,-123,1096
Negeri Sembilan,2024-10-01,521,229,843,46,1238
Negeri Sembilan,2024-11-01,372,80,677,-96,870
Negeri Sembilan,2024-12-01,242,-85,564,-261,959
Negeri Sembilan,2025-01-01,398,70,702,-106,894
Negeri Sembilan,2025-02-01,322,19,626,-182,855
Negeri Sembilan,2025-03-01,778,515,1103,311,1316
Negeri Sembilan,2025-04-01,549,286,874,82,1265
Negeri Sembilan,2025-05-01,572,307,876,105,1105
Negeri Sembilan,2025-06-01,540,249,845,64,1038
Negeri Sembilan,2025-07-01,573,290,894,98,1107
Negeri Sembilan,2025-08-01,771,488,1082,296,1305
Negeri Sembilan,2025-09-01,586,283,907,80,1365
Negeri Sembilan,2025-10-01,740,455,1051,264,1273
Negeri Sembilan,2025-11-01,571,243,892,67,1108
Negeri Sembilan,2025-12-01,424,119,729,-177,1140
Negeri Sembilan,2026-01-01,592,264,896,116,1308
Negeri Sembilan,2026-02-01,549,246,853,46,1265
Negeri Sembilan,2026-03-01,778,485,1088,275,1312
Negeri Sembilan,2026-04-01,549,257,874,82,1083
Negeri Sembilan,2026-05-01,572,242,876,96,1105
Negeri Sembilan,2026-06-01,540,238,839,73,1035
Negeri Sembilan,2026-07-01,573,270,877,68,1291
Negeri Sembilan,2026-08-01,771,536,1092,268,1268
Negeri Sembilan,2026-09-01,586,326,907,118,1123
Negeri Sembilan,2026-10-01,740,455,1065,263,1236
Negeri Sembilan,2026-11-01,571,243,875,67,1287
Negeri Sembilan,2026-12-01,424,132,749,-52,957
Negeri Sembilan,2027-01-01,592,341,902,126,1308
Negeri Sembilan,2027-02-01,549,246,874,73,1265
Negeri Sembilan,2027-03-01,778,486,1076,302,1494
Negeri Sembilan,2027-04-01,549,246,874,46,1083
Negeri Sembilan,2027-05-01,572,288,897,96,1069
Negeri Sembilan,2027-06-01,540,278,851,75,1074
Negeri Sembilan,2027-07-01,573,281,872,70,1111
Negeri Sembilan,2027-08-01,771,479,1082,304,1305
Negeri Sembilan,2027-09-01,586,323,911,110,1119
Negeri Sembilan,2027-10-01,740,448,1038,264,1273
Negeri Sembilan,2027-11-01,571,306,896,67,1104
Negeri Sembilan,2027-12-01,424,132,749,-82,957
Negeri Sembilan,2028-01-01,592,327,925,88,1308
Negeri Sembilan,2028-02-01,549,284,870,73,1082
Negeri Sembilan,2028-03-01,778,495,1107,275,1494
Negeri Sembilan,2028-04-01,549,257,788,46,1046
Negeri Sembilan,2028-05-01,572,307,882,96,1105
Negeri Sembilan,2028-06-01,540,249,785,37,1074
Negeri Sembilan,2028-07-01,573,270,898,-27,1290
Negeri Sembilan,2028-08-01,771,508,1082,296,1268
Negeri Sembilan,2028-09-01,586,258,907,110,1302
Negeri Sembilan,2028-10-01,740,456,1061,264,1273
Negeri Sembilan,2028-11-01,571,286,892,95,1287
Negeri Sembilan,2028-12-01,424,132,753,-44,1140
Negeri Sembilan,2029-01-01,592,289,913,116,1125
Negeri Sembilan,2029-02-01,549,284,878,82,1082
Negeri Sembilan,2029-03-01,778,495,1103,302,1494
Negeri Sembilan,2029-04-01,549,266,853,73,1083
Negeri Sembilan,2029-05-01,572,280,870,96,1105
Negeri Sembilan,2029-06-01,540,278,851,65,1074
Negeri Sembilan,2029-07-01,573,290,907,70,1290
Negeri Sembilan,2029-08-01,771,444,1083,268,1488
Negeri Sembilan,2029-09-01,586,283,896,118,1119
Negeri Sembilan,2029-10-01,740,437,1038,264,1235
Negeri Sembilan,2029-11-01,571,287,869,95,1068
Negeri Sembilan,2029-12-01,424,121,745,-52,1140
Negeri Sembilan,2030-01-01,592,300,921,124,1308
Negeri Sembilan,2030-02-01,549,246,870,46,1044
Negeri Sembilan,2030-03-01,778,495,1088,311,1312
Negeri Sembilan,2030-04-01,549,257,874,82,1265
Negeri Sembilan,2030-05-01,572,267,906,69,1105
Negeri Sembilan,2030-06-01,540,249,865,37,1257
Negeri Sembilan,2030-07-01,573,314,898,98,1290
Negeri Sembilan,2030-08-01,771,466,1070,266,1269
Negeri Sembilan,2030-09-01,586,258,884,110,1123
Negeri Sembilan,2030-10-01,740,477,1050,272,1273
Negeri Sembilan,2030-11-01,571,268,869,-30,1067
Negeri Sembilan,2030-12-01,424,121,745,-52,957
Pahang,2024-01-01,4179,3896,4478,3704,4717
Pahang,2024-02-01,5083,4791,5393,4482,5580
Pahang,2024-03-01,8151,7867,8455,7683,8684
Pahang,2024-04-01,8863,8600,9184,8386,9358
Pahang,2024-05-01,9136,8845,9447,8633,9674
Pahang,2024-06-01,9571,9279,9893,9068,10105
Pahang,2024-07-01,10076,9792,10380,9600,10571
Pahang,2024-08-01,10356,10028,10595,9852,10889
Pahang,2024-09-01,10636,10344,10965,10133,11174
Pahang,2024-10-01,11238,10946,11548,10762,11954
Pahang,2024-11-01,10375,10048,10685,9872,11091
Pahang,2024-12-01,6855,6527,7176,6349,7571
Pahang,2025-01-01,4478,4186,4803,4002,5194
Pahang,2025-02-01,3921,3594,4250,3418,4454
Pahang,2025-03-01,6463,6200,6785,5988,7001
Pahang,2025-04-01,7083,6791,7394,6580,7616
Pahang,2025-05-01,7411,7151,7715,6943,8127
Pahang,2025-06-01,7737,7410,8058,7261,8271
Pahang,2025-07-01,8186,7923,8511,7718,8902
Pahang,2025-08-01,8903,8619,9208,8427,9436
Pahang,2025-09-01,10174,9914,10484,9668,10671
Pahang,2025-10-01,10387,10124,10709,9920,10921
Pahang,2025-11-01,9113,8821,9417,8610,9646
Pahang,2025-12-01,7442,7159,7752,6966,7976
Pahang,2026-01-01,4857,4607,5167,4389,5390
Pahang,2026-02-01,4132,3805,4430,3629,4630
Pahang,2026-03-01,6678,6351,6988,6175,7211
Pahang,2026-04-01,7326,7061,7631,6823,7824
Pahang,2026-05-01,7359,7100,7685,6892,8075
Pahang,2026-06-01,7428,7177,7749,6952,8144
Pahang,2026-07-01,7622,7319,7951,7119,8340
Pahang,2026-08-01,8026,7743,8248,7559,8523
Pahang,2026-09-01,8996,8733,9317,8492,9534
Pahang,2026-10-01,9828,9544,10138,9361,10325
Pahang,2026-11-01,8774,8469,9085,8299,9271
Pahang,2026-12-01,8031,7740,8353,7556,8565
Pahang,2027-01-01,5861,5558,6171,5385,6394
Pahang,2027-02-01,4208,3945,4513,3742,4742
Pahang,2027-03-01,6684,6392,6989,6181,7217
Pahang,2027-04-01,8036,7734,8341,7561,8533
Pahang,2027-05-01,8377,8050,8699,7777,8911
Pahang,2027-06-01,8481,8178,8786,7978,9015
Pahang,2027-07-01,8172,7879,8501,7695,8888
Pahang,2027-08-01,8343,8051,8654,7867,9059
Pahang,2027-09-01,8654,8370,8975,8178,9370
Pahang,2027-10-01,8574,8282,8899,8098,9072
Pahang,2027-11-01,7786,7483,8090,7282,8319
Pahang,2027-12-01,7700,7435,8025,7233,8238
Pahang,2028-01-01,5985,5682,6295,5482,6518
Pahang,2028-02-01,4331,4048,4642,3865,5048
Pahang,2028-03-01,6662,6369,6983,6186,7378
Pahang,2028-04-01,7952,7649,8273,7485,8668
Pahang,2028-05-01,8364,8072,8668,7887,9080
Pahang,2028-06-01,8350,8066,8660,7873,8883
Pahang,2028-07-01,8228,7965,8532,7752,8724
Pahang,2028-08-01,8517,8214,8846,8041,9233
Pahang,2028-09-01,8572,8288,8893,8096,9105
Pahang,2028-10-01,8516,8224,8827,8012,9012
Pahang,2028-11-01,7512,7185,7817,7037,8046
Pahang,2028-12-01,6859,6596,7163,6383,7392
Pahang,2029-01-01,5721,5438,6051,5246,6255
Pahang,2029-02-01,4254,3963,4565,3779,4788
Pahang,2029-03-01,6684,6379,6995,6083,7182
Pahang,2029-04-01,7952,7625,8250,7449,8450
Pahang,2029-05-01,8364,8080,8662,7888,8897
Pahang,2029-06-01,8350,8058,8654,7874,9066
Pahang,2029-07-01,8072,7780,8406,7596,8788
Pahang,2029-08-01,8576,8284,8880,8072,9109
Pahang,2029-09-01,8572,8309,8901,8096,9351
Pahang,2029-10-01,8516,8232,8837,8040,9012
Pahang,2029-11-01,7724,7441,8034,7248,8221
Pahang,2029-12-01,6436,6152,6757,5969,6934
Pahang,2030-01-01,5141,4882,5466,4675,5675
Pahang,2030-02-01,4245,3982,4574,3778,4961
Pahang,2030-03-01,6684,6381,7005,6208,7400
Pahang,2030-04-01,7952,7668,8273,7476,8485
Pahang,2030-05-01,8364,8072,8685,7888,9080
Pahang,2030-06-01,8350,8066,8671,7847,8888
Pahang,2030-07-01,8228,7936,8532,7724,8761
Pahang,2030-08-01,8517,8214,8842,8014,9050
Pahang,2030-09-01,8572,8269,8893,8069,9351
Pahang,2030-10-01,8516,8253,8826,8040,9049
Pahang,2030-11-01,7480,7196,7801,7004,8013
Pahang,2030-12-01,6199,5896,6509,5695,6696
Perak,2024-01-01,26778,26513,27099,26275,27494
Perak,2024-02-01,24307,24024,24637,23840,25024
Perak,2024-03-01,23747,23455,23986,23271,24244
Perak,2024-04-01,26837,26577,27148,26361,27334
Perak,2024-05-01,27165,26881,27410,26662,27698
Perak,2024-06-01,27944,27694,28265,27477,28478
Perak,2024-07-01,27940,27657,28269,27465,28657
Perak,2024-08-01,26942,26657,27252,26466,27475
Perak,2024-09-01,27631,27347,27941,27155,28164
Perak,2024-10-01,27051,26759,27361,26548,27767
Perak,2024-11-01,26368,26077,26693,25893,26902
Perak,2024-12-01,25736,25471,26047,25261,26270
Perak,2025-01-01,23987,23684,24286,23484,24520
Perak,2025-02-01,21947,21663,22272,21470,22726
Perak,2025-03-01,19803,19500,20107,19326,20298
Perak,2025-04-01,21605,21300,21930,21137,22323
Perak,2025-05-01,23029,22726,23358,22553,23567
Perak,2025-06-01,23663,23379,23973,23197,24196
Perak,2025-07-01,25985,25735,26296,25482,26703
Perak,2025-08-01,26943,26658,27268,26440,27440
Perak,2025-09-01,27647,27363,27951,27143,28180
Perak,2025-10-01,27065,26802,27394,26589,27598
Perak,2025-11-01,26214,25922,26518,25738,26708
Perak,2025-12-01,25296,25033,25621,24820,26012
Perak,2026-01-01,23936,23671,24257,23433,24654
Perak,2026-02-01,22919,22636,23249,22416,23453
Perak,2026-03-01,19906,19622,20231,19438,20622
Perak,2026-04-01,22081,21778,22386,21605,22615
Perak,2026-05-01,23684,23400,24005,23216,24400
Perak,2026-06-01,26681,26397,27010,26177,27219
Perak,2026-07-01,27868,27576,28178,27392,28365
Perak,2026-08-01,26918,26615,27223,26415,27456
Perak,2026-09-01,27647,27355,27946,27143,28180
Perak,2026-10-01,27065,26773,27386,26588,27781
Perak,2026-11-01,26214,25964,26539,25738,26747
Perak,2026-12-01,25155,24871,25459,24652,25693
Perak,2027-01-01,23936,23671,24246,23433,24474
Perak,2027-02-01,23051,22748,23349,22548,23584
Perak,2027-03-01,19949,19699,20274,19473,20665
Perak,2027-04-01,22097,21794,22422,21621,22630
Perak,2027-05-01,23751,23448,24062,23248,24289
Perak,2027-06-01,25941,25612,26270,25438,26657
Perak,2027-07-01,28204,27912,28525,27701,28742
Perak,2027-08-01,26918,26655,27223,26451,27415
Perak,2027-09-01,27647,27355,27976,27171,28180
Perak,2027-10-01,27065,26781,27390,26589,27844
Perak,2027-11-01,26214,25954,26535,25738,26747
Perak,2027-12-01,25155,24896,25476,24679,25688
Perak,2028-01-01,23936,23644,24261,23460,24470
Perak,2028-02-01,23051,22767,23372,22575,23767
Perak,2028-03-01,19949,19646,20248,19473,20665
Perak,2028-04-01,22097,21805,22401,21594,22595
Perak,2028-05-01,23751,23488,24061,23275,24249
Perak,2028-06-01,26163,25861,26474,25660,26880
Perak,2028-07-01,28204,27901,28525,27701,28920
Perak,2028-08-01,26918,26634,27252,26451,27456
Perak,2028-09-01,27647,27384,27968,27171,28363
Perak,2028-10-01,27065,26781,27375,26562,27598
Perak,2028-11-01,26214,25922,26524,25746,26747
Perak,2028-12-01,25155,24892,25459,24679,25653
Perak,2029-01-01,23936,23643,24261,23433,24652
Perak,2029-02-01,23051,22767,23355,22575,23548
Perak,2029-03-01,19949,19646,20271,19473,20483
Perak,2029-04-01,22097,21813,22396,21621,22813
Perak,2029-05-01,23751,23488,24072,23274,24284
Perak,2029-06-01,26163,25861,26485,25687,26697
Perak,2029-07-01,28204,27920,28525,27736,28737
Perak,2029-08-01,26918,26615,27243,26415,27697
Perak,2029-09-01,27647,27341,27951,27171,28142
Perak,2029-10-01,27065,26773,27369,26589,27562
Perak,2029-11-01,26214,25911,26539,25710,26751
Perak,2029-12-01,25155,24892,25459,24689,25652
Perak,2030-01-01,23936,23609,24246,23433,24474
Perak,2030-02-01,23051,22759,23290,22548,23548
Perak,2030-03-01,19949,19644,20259,19473,20483
Perak,2030-04-01,22097,21794,22408,21621,22594
Perak,2030-05-01,23751,23459,24076,23275,24284
Perak,2030-06-01,26163,25861,26488,25688,26880
Perak,2030-07-01,28204,27920,28525,27701,28920
Perak,2030-08-01,26918,26615,27252,26317,27697
Perak,2030-09-01,27647,27363,27951,27171,28180
Perak,2030-10-01,27065,26773,27390,26588,27781
Perak,2030-11-01,26214,25921,26539,25710,26930
Perak,2030-12-01,25155,24892,25480,24679,25688
Perlis,2024-01-01,1394,1092,1699,919,2111
Perlis,2024-02-01,1853,1561,2165,1386,2571
Perlis,2024-03-01,2628,2369,2939,2153,3162
Perlis,2024-04-01,2860,2577,3185,2357,3394
Perlis,2024-05-01,3086,2802,3416,2619,3865
Perlis,2024-06-01,3575,3325,3897,3108,4113
Perlis,2024-07-01,4033,3741,4343,3557,4749
Perlis,2024-08-01,4197,3894,4508,3722,4694
Perlis,2024-09-01,4220,3937,4545,3753,4938
Perlis,2024-10-01,4485,4182,4795,4009,4983
Perlis,2024-11-01,3559,3267,3880,3056,4275
Perlis,2024-12-01,2239,1974,2564,1773,2955
Perlis,2025-01-01,1883,1599,2204,1406,2416
Perlis,2025-02-01,1884,1592,2189,1408,2358
Perlis,2025-03-01,2626,2323,2947,2150,3123
Perlis,2025-04-01,2868,2565,3172,2392,3406
Perlis,2025-05-01,3086,2827,3411,2619,3620
Perlis,2025-06-01,3578,3286,3903,3102,4294
Perlis,2025-07-01,4049,3757,4378,3546,4828
Perlis,2025-08-01,4627,4344,4926,4152,5165
Perlis,2025-09-01,4628,4344,4949,4125,5161
Perlis,2025-10-01,4860,4557,5170,4356,5356
Perlis,2025-11-01,4254,3991,4587,3788,4970
Perlis,2025-12-01,3272,2980,3571,2797,3810
Perlis,2026-01-01,2559,2266,2863,2083,3093
Perlis,2026-02-01,2299,2006,2620,1796,3015
Perlis,2026-03-01,2893,2631,3215,2418,3427
Perlis,2026-04-01,3074,2781,3395,2570,3607
Perlis,2026-05-01,3315,3023,3637,2839,3853
Perlis,2026-06-01,3847,3544,4168,3371,4381
Perlis,2026-07-01,4143,3893,4441,3675,4638
Perlis,2026-08-01,4775,4512,5105,4299,5491
Perlis,2026-09-01,4943,4680,5264,4475,5481
Perlis,2026-10-01,5177,4885,5487,4700,5674
Perlis,2026-11-01,4295,4012,4616,3819,4829
Perlis,2026-12-01,3456,3173,3766,2980,4235
Perlis,2027-01-01,3227,2943,3560,2759,3943
Perlis,2027-02-01,3011,2718,3336,2534,3727
Perlis,2027-03-01,3590,3306,3911,3123,4123
Perlis,2027-04-01,3790,3506,4112,3287,4507
Perlis,2027-05-01,3853,3594,4175,3378,4351
Perlis,2027-06-01,4208,3925,4447,3733,4705
Perlis,2027-07-01,4505,4177,4815,4001,5038
Perlis,2027-08-01,4764,4501,5085,4296,5259
Perlis,2027-09-01,4887,4603,5132,4419,5603
Perlis,2027-10-01,5092,4800,5413,4589,5626
Perlis,2027-11-01,4295,4044,4620,3819,4793
Perlis,2027-12-01,3422,3159,3757,2946,4138
Perlis,2028-01-01,3278,2975,3603,2775,4057
Perlis,2028-02-01,3224,2921,3528,2748,3757
Perlis,2028-03-01,3989,3697,4310,3521,4522
Perlis,2028-04-01,4421,4118,4746,3918,4955
Perlis,2028-05-01,4500,4217,4810,4033,5216
Perlis,2028-06-01,4562,4279,4892,4086,5279
Perlis,2028-07-01,4475,4192,4796,3874,5009
Perlis,2028-08-01,4764,4461,5093,4288,5480
Perlis,2028-09-01,4928,4668,5238,4460,5644
Perlis,2028-10-01,5112,4783,5423,4609,5646
Perlis,2028-11-01,4295,3968,4624,3819,5011
Perlis,2028-12-01,3422,3162,3733,2943,3918
Perlis,2029-01-01,3298,3007,3628,2823,4015
Perlis,2029-02-01,3293,3001,3618,2790,4009
Perlis,2029-03-01,4155,3892,4459,3679,4688
Perlis,2029-04-01,4752,4460,5073,4249,5286
Perlis,2029-05-01,4792,4529,5113,4325,5508
Perlis,2029-06-01,4878,4585,5188,4410,5594
Perlis,2029-07-01,4838,4553,5159,4362,5617
Perlis,2029-08-01,5133,4874,5444,4658,5851
Perlis,2029-09-01,4919,4617,5241,4416,5636
Perlis,2029-10-01,5092,4809,5417,4589,5808
Perlis,2029-11-01,4295,4012,4605,3828,5011
Perlis,2029-12-01,3422,3162,3747,2918,3960
Perlis,2030-01-01,3298,2971,3623,2795,4016
Perlis,2030-02-01,3314,3030,3624,2838,4030
Perlis,2030-03-01,4179,3920,4483,3712,4712
Perlis,2030-04-01,4759,4432,5084,4256,5475
Perlis,2030-05-01,4793,4466,5092,4288,5291
Perlis,2030-06-01,4869,4619,5190,4402,5403
Perlis,2030-07-01,4829,4502,5140,4326,5327
Perlis,2030-08-01,5059,4776,5363,4583,5593
Perlis,2030-09-01,4919,4617,5245,4444,5636
Perlis,2030-10-01,5112,4810,5437,4637,5829
Perlis,2030-11-01,4295,3992,4593,3819,4829
Perlis,2030-12-01,3422,3119,3743,2946,3955
Pulau Pinang,2024-01-01,2775,2483,3100,2299,3491
Pulau Pinang,2024-02-01,3150,2858,3484,2647,3866
Pulau Pinang,2024-03-01,3782,3490,4107,3306,4498
Pulau Pinang,2024-04-01,3951,3686,4261,3483,4484
Pulau Pinang,2024-05-01,3912,3628,4237,3444,4628
Pulau Pinang,2024-06-01,4032,3749,4343,3565,4749
Pulau Pinang,2024-07-01,4396,4093,4700,3920,4892
Pulau Pinang,2024-08-01,4355,4071,4659,3879,4853
Pulau Pinang,2024-09-01,4207,3923,4529,3731,4986
Pulau Pinang,2024-10-01,4493,4165,4814,3990,5209
Pulau Pinang,2024-11-01,3638,3355,3963,3171,4176
Pulau Pinang,2024-12-01,3165,2905,3486,2689,3698
Pulau Pinang,2025-01-01,2887,2624,3216,2411,3666
Pulau Pinang,2025-02-01,2888,2585,3192,2385,3385
Pulau Pinang,2025-03-01,3641,3378,3962,3173,4357
Pulau Pinang,2025-04-01,4047,3716,4368,3544,4763
Pulau Pinang,2025-05-01,4371,4068,4696,3867,5087
Pulau Pinang,2025-06-01,4606,4314,4917,4130,5322
Pulau Pinang,2025-07-01,4475,4148,4786,3999,5255
Pulau Pinang,2025-08-01,4769,4486,5014,4293,5264
Pulau Pinang,2025-09-01,4938,4635,5271,4435,5654
Pulau Pinang,2025-10-01,5192,4900,5513,4716,5730
Pulau Pinang,2025-11-01,4258,3955,4562,3754,4754
Pulau Pinang,2025-12-01,3388,3095,3709,2912,4104
Pulau Pinang,2026-01-01,3240,2948,3550,2734,3737
Pulau Pinang,2026-02-01,3091,2831,3402,2623,3807
Pulau Pinang,2026-03-01,3935,3644,4257,3432,4652
Pulau Pinang,2026-04-01,4417,4114,4721,3912,4955
Pulau Pinang,2026-05-01,4466,4174,4795,3999,4999
Pulau Pinang,2026-06-01,4567,4284,4893,4092,5347
Pulau Pinang,2026-07-01,4475,4148,4780,3874,5192
Pulau Pinang,2026-08-01,4764,4501,5097,4288,5297
Pulau Pinang,2026-09-01,4887,4622,5208,4419,5603
Pulau Pinang,2026-10-01,5092,4765,5402,4616,5626
Pulau Pinang,2026-11-01,4295,4012,4617,3819,4833
Pulau Pinang,2026-12-01,3422,3119,3743,2946,4138
Pulau Pinang,2027-01-01,3278,2951,3599,2801,3994
Pulau Pinang,2027-02-01,3224,2932,3534,2756,3762
Pulau Pinang,2027-03-01,3980,3688,4284,3513,4514
Pulau Pinang,2027-04-01,4470,4177,4780,3967,5003
Pulau Pinang,2027-05-01,4466,4174,4787,3990,4999
Pulau Pinang,2027-06-01,4567,4275,4878,4100,5284
Pulau Pinang,2027-07-01,4475,4183,4796,3972,5009
Pulau Pinang,2027-08-01,4764,4499,5085,4288,5297
Pulau Pinang,2027-09-01,4928,4636,5249,4462,5644
Pulau Pinang,2027-10-01,5112,4821,5417,4609,5609
Pulau Pinang,2027-11-01,4295,3992,4599,3819,4792
Pulau Pinang,2027-12-01,3422,3138,3656,2946,3919
Pulau Pinang,2028-01-01,3298,2996,3609,2795,3795
Pulau Pinang,2028-02-01,3293,3010,3605,2817,4009
Pulau Pinang,2028-03-01,4155,3863,4465,3652,4693
Pulau Pinang,2028-04-01,4752,4460,5081,4276,5469
Pulau Pinang,2028-05-01,4792,4500,5117,4316,5330
Pulau Pinang,2028-06-01,4878,4586,5182,4375,5594
Pulau Pinang,2028-07-01,4838,4554,5167,4335,5554
Pulau Pinang,2028-08-01,5133,4850,5467,4666,5850
Pulau Pinang,2028-09-01,4919,4635,5224,4443,5417
Pulau Pinang,2028-10-01,5092,4809,5402,4616,5590
Pulau Pinang,2028-11-01,4295,4032,4617,3829,5011
Pulau Pinang,2028-12-01,3422,3159,3732,2954,3955
Pulau Pinang,2029-01-01,3298,3015,3603,2795,4015
Pulau Pinang,2029-02-01,3314,3030,3619,2837,3847
Pulau Pinang,2029-03-01,4179,3916,4508,3713,4712
Pulau Pinang,2029-04-01,4759,4476,5069,4283,5475
Pulau Pinang,2029-05-01,4793,4510,5118,4318,5331
Pulau Pinang,2029-06-01,4869,4606,5198,4403,5649
Pulau Pinang,2029-07-01,4829,4546,5140,4326,5546
Pulau Pinang,2029-08-01,5059,4756,5364,4554,5593
Pulau Pinang,2029-09-01,4919,4636,5218,4444,5453
Pulau Pinang,2029-10-01,5112,4821,5423,4636,5646
Pulau Pinang,2029-11-01,4295,4002,4605,3819,5011
Pulau Pinang,2029-12-01,3422,3130,3751,2954,4138
Pulau Pinang,2030-01-01,3298,3036,3620,2831,3832
Pulau Pinang,2030-02-01,3311,3027,3636,2835,4027
Pulau Pinang,2030-03-01,4176,3874,4487,3673,4893
Pulau Pinang,2030-04-01,4754,4470,5058,4278,5287
Pulau Pinang,2030-05-01,4793,4491,5115,4318,5510
Pulau Pinang,2030-06-01,4869,4586,5199,4394,5649
Pulau Pinang,2030-07-01,4829,4546,5150,4354,5363
Pulau Pinang,2030-08-01,5059,4756,5369,4583,5593
Pulau Pinang,2030-09-01,4919,4617,5224,4452,5417
Pulau Pinang,2030-10-01,5092,4808,5421,4589,5808
Pulau Pinang,2030-11-01,4295,4032,4620,3828,5011
Pulau Pinang,2030-12-01,3422,3159,3743,2954,3919
Sabah,2024-01-01,15442,15150,15741,14939,15980
Sabah,2024-02-01,15436,15144,15740,14968,15933
Sabah,2024-03-01,15547,15288,15868,15071,16080
Sabah,2024-04-01,14975,14692,15279,14472,15472
Sabah,2024-05-01,17210,16947,17531,16765,17748
Sabah,2024-06-01,17487,17195,17808,17019,18203
Sabah,2024-07-01,19253,18960,19574,18750,19750
Sabah,2024-08-01,18466,18174,18791,17990,19182
Sabah,2024-09-01,17733,17468,18062,17229,18449
Sabah,2024-10-01,18879,18586,19201,18404,19596
Sabah,2024-11-01,18391,18099,18712,17915,18924
Sabah,2024-12-01,17912,17583,18217,17409,18410
Sabah,2025-01-01,16559,16232,16779,16083,17056
Sabah,2025-02-01,15343,15016,15668,14742,15840
Sabah,2025-03-01,15628,15336,15949,15152,16161
Sabah,2025-04-01,14502,14218,14813,14025,15039
Sabah,2025-05-01,14717,14433,15015,14241,15250
Sabah,2025-06-01,14890,14606,15188,14413,15385
Sabah,2025-07-01,16796,16493,17117,16195,17329
Sabah,2025-08-01,15917,15666,16238,15449,16450
Sabah,2025-09-01,15098,14806,15409,14622,15595
Sabah,2025-10-01,17096,16804,17417,16590,17629
Sabah,2025-11-01,16733,16441,17058,16132,17266
Sabah,2025-12-01,16164,15862,16486,15698,16881
Sabah,2026-01-01,15332,15040,15642,14856,15829
Sabah,2026-02-01,15478,15194,15800,15011,16016
Sabah,2026-03-01,15672,15369,15977,15196,16388
Sabah,2026-04-01,14866,14606,15165,14400,15363
Sabah,2026-05-01,14410,14160,14739,13942,15126
Sabah,2026-06-01,14292,13989,14617,13825,14826
Sabah,2026-07-01,14611,14327,14932,14135,15144
Sabah,2026-08-01,14889,14597,15214,14422,15605
Sabah,2026-09-01,14251,13968,14561,13775,14785
Sabah,2026-10-01,15133,14840,15443,14657,15849
Sabah,2026-11-01,15505,15245,15817,15039,16221
Sabah,2026-12-01,15957,15673,16267,15454,16490
Sabah,2027-01-01,15454,15170,15775,14986,15987
Sabah,2027-02-01,15410,15081,15721,14907,16127
Sabah,2027-03-01,15628,15301,15949,15152,16161
Sabah,2027-04-01,14435,14150,14756,13931,15151
Sabah,2027-05-01,14689,14429,14993,14213,15222
Sabah,2027-06-01,14509,14217,14819,14006,15047
Sabah,2027-07-01,14932,14629,15254,14429,15649
Sabah,2027-08-01,14943,14680,15265,14468,15661
Sabah,2027-09-01,14544,14252,14854,14076,15077
Sabah,2027-10-01,15063,14779,15388,14560,15779
Sabah,2027-11-01,15170,14843,15492,14667,15887
Sabah,2027-12-01,15824,15497,16149,15347,16542
Sabah,2028-01-01,15384,15100,15709,14916,15917
Sabah,2028-02-01,15479,15187,15784,15003,16012
Sabah,2028-03-01,15672,15380,15993,15169,16205
Sabah,2028-04-01,14866,14582,15187,14363,15399
Sabah,2028-05-01,14410,14176,14720,13942,14908
Sabah,2028-06-01,14469,14185,14768,14001,14966
Sabah,2028-07-01,14653,14390,14978,14177,15191
Sabah,2028-08-01,14904,14641,15225,14428,15401
Sabah,2028-09-01,14544,14281,14869,14076,15260
Sabah,2028-10-01,15106,14813,15435,14603,15823
Sabah,2028-11-01,15330,15037,15634,14827,15863
Sabah,2028-12-01,15870,15578,16169,15393,16368
Sabah,2029-01-01,15454,15191,15758,14978,15992
Sabah,2029-02-01,15410,15119,15715,14934,15908
Sabah,2029-03-01,15628,15336,15954,15125,16344
Sabah,2029-04-01,14435,14150,14739,13931,14931
Sabah,2029-05-01,14689,14384,15010,14186,15222
Sabah,2029-06-01,14509,14226,14819,14033,15006
Sabah,2029-07-01,15565,15306,15804,15098,16099
Sabah,2029-08-01,15205,14946,15509,14739,15738
Sabah,2029-09-01,14757,14464,15068,14282,15291
Sabah,2029-10-01,15126,14867,15455,14659,15660
Sabah,2029-11-01,15330,15067,15640,14854,15827
Sabah,2029-12-01,15870,15577,16180,15367,16403
Sabah,2030-01-01,15384,15124,15694,14908,15880
Sabah,2030-02-01,15479,15176,15789,14976,16012
Sabah,2030-03-01,15672,15380,15982,15169,16210
Sabah,2030-04-01,14866,14563,15177,14265,15582
Sabah,2030-05-01,14410,14118,14708,13907,14905
Sabah,2030-06-01,14469,14185,14767,13966,14966
Sabah,2030-07-01,14597,14304,14922,14121,15313
Sabah,2030-08-01,14899,14637,15210,14432,15396
Sabah,2030-09-01,14251,13968,14556,13775,14785
Sabah,2030-10-01,15106,14814,15427,14631,15603
Sabah,2030-11-01,15330,15038,15651,14827,16109
Sabah,2030-12-01,15870,15578,16191,15367,16586
Sarawak,2024-01-01,4167,3917,4488,3701,4883
Sarawak,2024-02-01,3871,3608,4175,3395,4404
Sarawak,2024-03-01,7469,7209,7779,7003,7966
Sarawak,2024-04-01,8050,7767,8360,7574,8766
Sarawak,2024-05-01,8579,8316,8818,8076,9113
Sarawak,2024-06-01,8704,8401,9002,8200,9200
Sarawak,2024-07-01,8617,8290,8943,8114,9396
Sarawak,2024-08-01,8371,8108,8700,7868,9087
Sarawak,2024-09-01,8239,7979,8564,7771,8955
Sarawak,2024-10-01,8583,8300,8893,8116,9117
Sarawak,2024-11-01,6981,6678,7310,6505,7514
Sarawak,2024-12-01,5527,5235,5825,5051,6060
Sarawak,2025-01-01,4174,3912,4479,3671,4669
Sarawak,2025-02-01,3832,3529,4142,3329,4365
Sarawak,2025-03-01,6903,6575,7201,6302,7399
Sarawak,2025-04-01,7952,7668,8262,7449,8485
Sarawak,2025-05-01,8364,8034,8674,7860,8897
Sarawak,2025-06-01,8350,8047,8654,7874,8883
Sarawak,2025-07-01,8320,8036,8649,7844,9036
Sarawak,2025-08-01,8529,8295,8850,8061,9024
Sarawak,2025-09-01,8126,7867,8437,7650,8660
Sarawak,2025-10-01,8538,8211,8860,8035,9255
Sarawak,2025-11-01,7046,6719,7371,6543,7762
Sarawak,2025-12-01,5258,4931,5562,4755,5792
Sarawak,2026-01-01,4141,3849,4466,3540,4674
Sarawak,2026-02-01,3897,3613,4222,3421,4430
Sarawak,2026-03-01,6522,6259,6833,6018,7055
Sarawak,2026-04-01,6955,6692,7259,6487,7453
Sarawak,2026-05-01,7352,7089,7662,6876,7885
Sarawak,2026-06-01,7271,7012,7597,6796,7805
Sarawak,2026-07-01,7125,6862,7423,6649,7658
Sarawak,2026-08-01,7553,7288,7878,7087,8091
Sarawak,2026-09-01,7787,7524,8116,7311,8321
Sarawak,2026-10-01,8575,8312,8896,8098,9073
Sarawak,2026-11-01,7239,6955,7560,6736,7955
Sarawak,2026-12-01,4579,4276,4878,4076,5076
Sarawak,2027-01-01,3864,3601,4197,3396,4643
Sarawak,2027-02-01,3799,3496,4109,3295,4296
Sarawak,2027-03-01,6492,6229,6821,6016,7271
Sarawak,2027-04-01,6339,6047,6649,5863,7055
Sarawak,2027-05-01,6842,6558,7176,6374,7558
Sarawak,2027-06-01,7090,6787,7411,6614,7806
Sarawak,2027-07-01,6853,6594,7187,6385,7569
Sarawak,2027-08-01,8085,7802,8397,7618,8803
Sarawak,2027-09-01,8284,8000,8609,7781,8818
Sarawak,2027-10-01,8516,8232,8820,8048,9049
Sarawak,2027-11-01,7277,7014,7587,6801,7810
Sarawak,2027-12-01,4595,4268,4900,4092,5129
Sarawak,2028-01-01,3839,3576,4150,3372,4556
Sarawak,2028-02-01,3799,3534,4124,3331,4515
Sarawak,2028-03-01,6492,6208,6817,6025,7025
Sarawak,2028-04-01,6074,5815,6403,5571,6790
Sarawak,2028-05-01,5960,5668,6265,5359,6455
Sarawak,2028-06-01,6329,6001,6650,5825,7045
Sarawak,2028-07-01,5980,5695,6305,5512,6513
Sarawak,2028-08-01,6800,6472,7125,6323,7516
Sarawak,2028-09-01,8024,7721,8345,7556,8742
Sarawak,2028-10-01,8575,8283,8885,8099,9072
Sarawak,2028-11-01,7277,6974,7610,6801,7815
Sarawak,2028-12-01,4630,4367,4934,4163,5163
Sarawak,2029-01-01,3839,3604,4150,3372,4373
Sarawak,2029-02-01,3799,3515,4120,3295,4515
Sarawak,2029-03-01,6492,6165,6817,5989,7025
Sarawak,2029-04-01,6133,5848,6462,5657,6666
Sarawak,2029-05-01,6071,5811,6400,5595,6787
Sarawak,2029-06-01,5910,5607,6231,5435,6444
Sarawak,2029-07-01,5608,5345,5918,5132,6141
Sarawak,2029-08-01,6177,5892,6488,5674,6672
Sarawak,2029-09-01,6574,6282,6896,6108,7291
Sarawak,2029-10-01,7001,6751,7326,6535,7717
Sarawak,2029-11-01,6178,5875,6512,5675,6716
Sarawak,2029-12-01,4451,4123,4776,3945,4984
Sarawak,2030-01-01,3839,3536,4144,3336,4373
Sarawak,2030-02-01,3799,3496,4120,3331,4337
Sarawak,2030-03-01,6492,6208,6796,6016,6989
Sarawak,2030-04-01,6101,5810,6406,5598,6598
Sarawak,2030-05-01,6071,5787,6381,5595,6604
Sarawak,2030-06-01,5930,5627,6234,5329,6464
Sarawak,2030-07-01,5247,4988,5558,4802,5964
Sarawak,2030-08-01,5856,5553,6177,5352,6353
Sarawak,2030-09-01,5863,5560,6192,5360,6579
Sarawak,2030-10-01,6336,6076,6657,5868,6874
Sarawak,2030-11-01,5214,4922,5524,4711,5709
Sarawak,2030-12-01,4006,3722,4310,3530,4501
Selangor,2024-01-01,11065,10738,11390,10589,11599
Selangor,2024-02-01,10410,10107,10714,9907,10943
Selangor,2024-03-01,9981,9654,10302,9478,10514
Selangor,2024-04-01,10038,9710,10342,9532,10576
Selangor,2024-05-01,9668,9375,9913,9165,10163
Selangor,2024-06-01,9216,8982,9541,8748,9749
Selangor,2024-07-01,9349,9065,9682,8873,10065
Selangor,2024-08-01,9784,9519,10105,9280,10281
Selangor,2024-09-01,9525,9262,9854,9050,10242
Selangor,2024-10-01,10036,9744,10361,9560,10754
Selangor,2024-11-01,9113,8821,9434,8636,9646
Selangor,2024-12-01,9440,9177,9750,8964,9937
Selangor,2025-01-01,9568,9308,9897,9091,10101
Selangor,2025-02-01,8803,8511,9107,8299,9300
Selangor,2025-03-01,9053,8726,9364,8550,9770
Selangor,2025-04-01,9756,9453,10085,9280,10472
Selangor,2025-05-01,9143,8841,9468,8640,9860
Selangor,2025-06-01,9397,9105,9702,8894,9930
Selangor,2025-07-01,9322,9038,9643,8854,9855
Selangor,2025-08-01,9584,9279,9888,9081,10117
Selangor,2025-09-01,9498,9206,9819,8994,10031
Selangor,2025-10-01,9722,9459,10043,9245,10255
Selangor,2025-11-01,8504,8241,8829,8001,9220
Selangor,2025-12-01,7827,7535,8148,7359,8543
Selangor,2026-01-01,7953,7650,8263,7352,8732
Selangor,2026-02-01,7872,7579,8193,7396,8405
Selangor,2026-03-01,8505,8221,8830,8029,9038
Selangor,2026-04-01,8792,8508,9102,8326,9325
Selangor,2026-05-01,8860,8557,9185,8357,9398
Selangor,2026-06-01,9293,9002,9618,8817,9790
Selangor,2026-07-01,9373,9081,9684,8897,9906
Selangor,2026-08-01,9493,9202,9804,9017,10210
Selangor,2026-09-01,9523,9221,9758,9020,10020
Selangor,2026-10-01,9458,9155,9762,8990,9991
Selangor,2026-11-01,8540,8212,8861,8064,9256
Selangor,2026-12-01,7614,7329,7924,7146,8147
Selangor,2027-01-01,7209,6906,7534,6732,7925
Selangor,2027-02-01,6911,6619,7232,6435,7627
Selangor,2027-03-01,10059,9796,10380,9592,10838
Selangor,2027-04-01,10011,9684,10309,9535,10549
Selangor,2027-05-01,9668,9365,9978,9165,10201
Selangor,2027-06-01,9241,8978,9562,8738,9774
Selangor,2027-07-01,9349,9046,9670,8843,9882
Selangor,2027-08-01,9583,9256,9894,9080,10299
Selangor,2027-09-01,9498,9214,9827,9022,10036
Selangor,2027-10-01,9535,9205,9868,9031,10068
Selangor,2027-11-01,8540,8248,8861,8064,9256
Selangor,2027-12-01,7539,7212,7837,7036,8318
Selangor,2028-01-01,7035,6743,7360,6567,7568
Selangor,2028-02-01,6501,6216,6811,6025,7034
Selangor,2028-03-01,9354,9070,9593,8887,9887
Selangor,2028-04-01,9692,9399,10002,9216,10226
Selangor,2028-05-01,9034,8771,9346,8531,9572
Selangor,2028-06-01,9461,9158,9790,8957,9994
Selangor,2028-07-01,9322,9038,9643,8846,10038
Selangor,2028-08-01,9520,9257,9845,9053,10053
Selangor,2028-09-01,9523,9261,9845,9048,10057
Selangor,2028-10-01,9485,9182,9810,9017,10264
Selangor,2028-11-01,8540,8237,8785,8064,9036
Selangor,2028-12-01,7730,7427,8063,7262,8446
Selangor,2029-01-01,6943,6659,7264,6466,7439
Selangor,2029-02-01,6478,6175,6803,5974,7194
Selangor,2029-03-01,9054,8761,9379,8578,9587
Selangor,2029-04-01,9663,9380,9974,9158,10380
Selangor,2029-05-01,9096,8812,9421,8630,9629
Selangor,2029-06-01,9467,9183,9789,8964,10183
Selangor,2029-07-01,9346,9062,9675,8878,9884
Selangor,2029-08-01,9557,9252,9867,8956,10054
Selangor,2029-09-01,9498,9168,9819,8994,10214
Selangor,2029-10-01,9535,9275,9864,9059,10251
Selangor,2029-11-01,8540,8210,8844,8036,9073
Selangor,2029-12-01,7485,7201,7806,7018,8018
Selangor,2030-01-01,6895,6632,7224,6419,7429
Selangor,2030-02-01,6704,6401,7029,6228,7200
Selangor,2030-03-01,10130,9846,10451,9662,10663
Selangor,2030-04-01,9974,9690,10284,9507,10472
Selangor,2030-05-01,9668,9363,9979,9067,10165
Selangor,2030-06-01,9247,8997,9576,8780,9785
Selangor,2030-07-01,9349,9086,9653,8881,9886
Selangor,2030-08-01,9520,9190,9841,9017,10236
Selangor,2030-09-01,9523,9196,9845,9047,10241
Selangor,2030-10-01,9485,9220,9795,9009,9982
Selangor,2030-11-01,8540,8237,8838,8036,9036
Selangor,2030-12-01,7730,7438,8034,7254,8227
Terengganu,2024-01-01,2081,1818,2402,1613,2578
Terengganu,2024-02-01,2646,2354,2968,2141,3180
Terengganu,2024-03-01,3457,3174,3778,2990,4173
Terengganu,2024-04-01,3784,3479,4105,3308,4322
Terengganu,2024-05-01,4077,3785,4321,3609,4610
Terengganu,2024-06-01,4511,4227,4844,4034,5044
Terengganu,2024-07-01,4475,4212,4804,3999,5192
Terengganu,2024-08-01,4755,4453,5080,4155,5472
Terengganu,2024-09-01,4928,4644,5253,4460,5461
Terengganu,2024-10-01,5732,5448,6057,5256,6265
Terengganu,2024-11-01,3989,3726,4310,3513,4768
Terengganu,2024-12-01,2487,2157,2791,1984,2984
Terengganu,2025-01-01,2266,1982,2600,1790,2982
Terengganu,2025-02-01,2598,2314,2908,2095,3314
Terengganu,2025-03-01,3286,3036,3531,2811,3784
Terengganu,2025-04-01,3813,3483,4117,3212,4309
Terengganu,2025-05-01,4114,3830,4439,3638,4830
Terengganu,2025-06-01,4516,4213,4814,4010,5013
Terengganu,2025-07-01,4475,4183,4797,3972,4973
Terengganu,2025-08-01,4764,4472,5062,4260,5302
Terengganu,2025-09-01,4887,4624,5191,4411,5420
Terengganu,2025-10-01,5378,5094,5699,4874,6094
Terengganu,2025-11-01,4366,4101,4677,3890,4904
Terengganu,2025-12-01,3354,3062,3676,2878,3888
Terengganu,2026-01-01,3174,2890,3509,2698,3890
Terengganu,2026-02-01,2969,2677,3294,2493,3685
Terengganu,2026-03-01,3688,3397,4013,3213,4405
Terengganu,2026-04-01,4047,3720,4369,3544,4580
Terengganu,2026-05-01,4366,4083,4671,3899,5083
Terengganu,2026-06-01,4567,4284,4892,4092,5284
Terengganu,2026-07-01,4475,4148,4786,3999,5192
Terengganu,2026-08-01,4764,4480,5089,4296,5480
Terengganu,2026-09-01,4928,4625,5253,4424,5461
Terengganu,2026-10-01,5511,5228,5822,5006,6008
Terengganu,2026-11-01,4327,4024,4631,3851,5043
Terengganu,2026-12-01,3422,3130,3751,2946,4138
Terengganu,2027-01-01,3255,2952,3553,2752,3788
Terengganu,2027-02-01,3179,2887,3489,2675,3896
Terengganu,2027-03-01,4069,3786,4374,3566,4786
Terengganu,2027-04-01,4752,4460,5063,4284,5285
Terengganu,2027-05-01,4792,4533,5102,4316,5508
Terengganu,2027-06-01,4878,4550,5199,4402,5594
Terengganu,2027-07-01,4838,4575,5148,4361,5371
Terengganu,2027-08-01,5133,4830,5458,4658,5850
Terengganu,2027-09-01,4919,4636,5230,4416,5636
Terengganu,2027-10-01,5378,5086,5689,4901,6094
Terengganu,2027-11-01,4327,4000,4652,3824,4865
Terengganu,2027-12-01,3422,3130,3743,2916,3918
Terengganu,2028-01-01,3298,2969,3609,2822,3796
Terengganu,2028-02-01,3243,2960,3569,2740,3960
Terengganu,2028-03-01,4048,3765,4377,3545,4582
Terengganu,2028-04-01,4560,4277,4871,4057,5094
Terengganu,2028-05-01,4467,4164,4792,3964,5184
Terengganu,2028-06-01,4559,4254,4884,4056,5275
Terengganu,2028-07-01,4467,4204,4792,3999,5000
Terengganu,2028-08-01,4690,4430,5011,4222,5186
Terengganu,2028-09-01,4887,4595,5208,4419,5603
Terengganu,2028-10-01,5511,5228,5841,5036,6228
Terengganu,2028-11-01,4327,4024,4648,3824,4860
Terengganu,2028-12-01,3422,3119,3747,2918,4201
Terengganu,2029-01-01,3298,3015,3620,2823,4015
Terengganu,2029-02-01,3293,3010,3605,2817,4072
Terengganu,2029-03-01,4155,3892,4480,3652,4934
Terengganu,2029-04-01,4752,4469,5073,4277,5469
Terengganu,2029-05-01,4792,4509,5102,4316,5571
Terengganu,2029-06-01,4878,4618,5199,4402,5416
Terengganu,2029-07-01,4838,4588,5163,4372,5371
Terengganu,2029-08-01,5139,4855,5464,4636,5677
Terengganu,2029-09-01,4960,4668,5281,4485,5677
Terengganu,2029-10-01,5378,5094,5699,4902,5911
Terengganu,2029-11-01,4327,4035,4652,3824,5043
Terengganu,2029-12-01,3422,3092,3720,2946,3955
Terengganu,2030-01-01,3298,3007,3620,2823,4015
Terengganu,2030-02-01,3314,2986,3635,2811,3812
Terengganu,2030-03-01,4179,3887,4508,3676,4712
Terengganu,2030-04-01,4759,4476,5084,4283,5475
Terengganu,2030-05-01,4793,4491,5118,4288,5511
Terengganu,2030-06-01,4869,4577,5194,4366,5403
Terengganu,2030-07-01,4829,4546,5150,4354,5326
Terengganu,2030-08-01,5059,4799,5389,4583,5597
Terengganu,2030-09-01,4919,4617,5159,4416,5416
Terengganu,2030-10-01,5511,5220,5836,5008,6045
Terengganu,2030-11-01,4327,4043,4648,3726,5043
Terengganu,2030-12-01,3422,3138,3726,2918,3918
W.P. Labuan,2024-01-01,1116,832,1426,650,1649
W.P. Labuan,2024-02-01,1083,800,1405,607,1617
W.P. Labuan,2024-03-01,1774,1482,2073,1271,2271
W.P. Labuan,2024-04-01,1743,1452,2054,1276,2460
W.P. Labuan,2024-05-01,1847,1584,2169,1372,2344
W.P. Labuan,2024-06-01,1827,1543,2126,1351,2360
W.P. Labuan,2024-07-01,1876,1613,2186,1408,2409
W.P. Labuan,2024-08-01,2078,1786,2407,1575,2794
W.P. Labuan,2024-09-01,2130,1838,2455,1627,2846
W.P. Labuan,2024-10-01,2235,1943,2560,1759,2768
W.P. Labuan,2024-11-01,1914,1611,2212,1438,2630
W.P. Labuan,2024-12-01,1231,928,1535,728,1729
W.P. Labuan,2025-01-01,1213,884,1524,738,1751
W.P. Labuan,2025-02-01,1193,909,1503,717,1690
W.P. Labuan,2025-03-01,1867,1564,2192,1391,2583
W.P. Labuan,2025-04-01,1826,1496,2071,1320,2323
W.P. Labuan,2025-05-01,1858,1567,2163,1355,2392
W.P. Labuan,2025-06-01,1827,1499,2148,1226,2543
W.P. Labuan,2025-07-01,1876,1626,2210,1399,2592
W.P. Labuan,2025-08-01,2170,1842,2495,1667,2708
W.P. Labuan,2025-09-01,2395,2111,2720,1919,2928
W.P. Labuan,2025-10-01,2713,2410,3034,2237,3210
W.P. Labuan,2025-11-01,2346,2062,2679,1878,3062
W.P. Labuan,2025-12-01,1543,1252,1855,1076,2077
W.P. Labuan,2026-01-01,1421,1137,1746,945,1918
W.P. Labuan,2026-02-01,1258,931,1579,755,1974
W.P. Labuan,2026-03-01,1864,1580,2174,1360,2397
W.P. Labuan,2026-04-01,1836,1533,2161,1359,2374
W.P. Labuan,2026-05-01,1858,1531,2180,1258,2392
W.P. Labuan,2026-06-01,1827,1535,2137,1351,2360
W.P. Labuan,2026-07-01,1876,1591,2197,1275,2592
W.P. Labuan,2026-08-01,2343,2040,2653,1866,2840
W.P. Labuan,2026-09-01,2621,2362,2942,2145,3337
W.P. Labuan,2026-10-01,3129,2878,3458,2653,3845
W.P. Labuan,2026-11-01,2929,2666,3251,2426,3463
W.P. Labuan,2026-12-01,1879,1576,2204,1403,2412
W.P. Labuan,2027-01-01,1615,1331,1936,1139,2394
W.P. Labuan,2027-02-01,1535,1243,1839,1059,2251
W.P. Labuan,2027-03-01,1887,1584,2208,1420,2420
W.P. Labuan,2027-04-01,1836,1576,2147,1360,2369
W.P. Labuan,2027-05-01,1858,1575,2180,1383,2392
W.P. Labuan,2027-06-01,1827,1500,2126,1324,2324
W.P. Labuan,2027-07-01,1876,1592,2197,1373,2409
W.P. Labuan,2027-08-01,2548,2245,2858,2045,3264
W.P. Labuan,2027-09-01,2767,2475,3092,2291,3483
W.P. Labuan,2027-10-01,3293,3030,3603,2790,3826
W.P. Labuan,2027-11-01,3210,2926,3514,2706,3743
W.P. Labuan,2027-12-01,2296,2012,2606,1819,3012
W.P. Labuan,2028-01-01,1964,1637,2262,1461,2680
W.P. Labuan,2028-02-01,1703,1400,2032,1227,2236
W.P. Labuan,2028-03-01,2125,1862,2446,1658,2622
W.P. Labuan,2028-04-01,2101,1798,2422,1633,2634
W.P. Labuan,2028-05-01,2123,1831,2444,1620,2657
W.P. Labuan,2028-06-01,2092,1808,2425,1616,2871
W.P. Labuan,2028-07-01,2141,1813,2451,1637,2857
W.P. Labuan,2028-08-01,2776,2513,3105,2299,3309
W.P. Labuan,2028-09-01,3071,2779,3396,2596,3605
W.P. Labuan,2028-10-01,3587,3260,3886,3081,4084
W.P. Labuan,2028-11-01,3463,3171,3784,2996,4179
W.P. Labuan,2028-12-01,2942,2639,3241,2466,3440
W.P. Labuan,2029-01-01,2351,2086,2673,1848,3068
W.P. Labuan,2029-02-01,2140,1848,2461,1664,2637
W.P. Labuan,2029-03-01,2668,2405,2907,2193,3163
W.P. Labuan,2029-04-01,2625,2360,2935,2122,3341
W.P. Labuan,2029-05-01,2658,2374,2979,2182,3374
W.P. Labuan,2029-06-01,2616,2353,2938,2149,3150
W.P. Labuan,2029-07-01,2649,2386,2974,2182,3183
W.P. Labuan,2029-08-01,3039,2755,3360,2562,3755
W.P. Labuan,2029-09-01,3416,3132,3737,2940,3950
W.P. Labuan,2029-10-01,3973,3710,4294,3505,4471
W.P. Labuan,2029-11-01,3502,3210,3741,3027,3999
W.P. Labuan,2029-12-01,3251,2967,3555,2775,3748
W.P. Labuan,2030-01-01,3031,2728,3360,2555,3810
W.P. Labuan,2030-02-01,2704,2377,3014,2228,3422
W.P. Labuan,2030-03-01,3300,3037,3622,2797,3833
W.P. Labuan,2030-04-01,3547,3288,3872,3071,4264
W.P. Labuan,2030-05-01,3824,3562,4149,3357,4358
W.P. Labuan,2030-06-01,3813,3550,4138,3346,4351
W.P. Labuan,2030-07-01,3792,3507,4102,3315,4325
W.P. Labuan,2030-08-01,3980,3696,4305,3504,4513
W.P. Labuan,2030-09-01,4098,3805,4397,3631,4595
W.P. Labuan,2030-10-01,4793,4466,5103,4290,5509
W.P. Labuan,2030-11-01,4172,3845,4476,3696,4670
W.P. Labuan,2030-12-01,3456,3153,3781,2980,3990
